"","P86_1","P86_2","P86_3","W20_1","W20_2","W20_3","W17_1","W17_2","W17_3","W15_1","W15_2","W15_3","W14_1","W14_2","W14_3","P58_1","P58_2","P58_3","P71_1","P71_2","P71_3","P10_1","P10_2","P10_3"
"9_39",0,0,0,212,212,0,143,143,0,196,202,0,210,213,0,242,248,0,80,88,0,152,160,0
"1_13",0,0,0,216,216,0,0,0,0,193,196,0,207,224,0,0,0,0,78,86,0,166,166,0
"1_28",0,0,0,216,216,0,143,143,0,184,193,0,207,218,0,252,260,0,0,0,0,150,178,0
"2_13",179,193,0,216,216,0,143,143,0,193,199,0,207,218,0,260,264,0,90,94,0,156,178,0
"2_15",0,0,0,212,216,0,143,149,0,193,196,0,207,224,0,256,260,0,90,98,0,156,166,178
"5_29",179,179,0,212,212,0,143,143,0,187,199,0,213,213,0,248,268,0,86,98,0,160,166,0
"8_2",0,0,0,216,216,0,143,152,0,196,196,0,204,224,0,252,260,0,88,90,0,160,166,178
"8_5",193,199,0,216,216,0,143,143,0,184,196,0,224,230,0,252,260,0,96,98,0,150,178,0
"8_15",179,197,0,212,216,0,143,143,0,196,196,0,0,0,0,248,260,0,88,98,0,166,166,0
"9_21",0,0,0,212,212,0,143,143,0,196,202,0,201,213,0,242,260,0,88,112,0,152,160,166
"9_22",193,193,0,212,212,0,143,143,0,196,196,0,210,213,0,242,260,0,80,114,0,152,160,0
"10_12",193,233,0,212,218,0,140,146,0,184,187,0,207,213,0,256,260,0,90,90,0,144,158,0
"10_25",193,197,0,204,216,0,140,140,0,184,187,190,207,230,0,256,260,268,88,94,96,160,166,0
"12_8",179,183,0,212,216,0,143,143,0,196,196,0,213,218,0,254,254,0,90,92,0,154,178,0
"12_20",183,193,0,212,216,0,143,143,0,196,196,0,224,224,0,252,254,256,90,94,0,166,178,186
"13_11",179,197,0,216,216,0,143,143,0,193,196,0,218,218,0,254,260,0,90,90,0,178,178,0
"13_12",179,197,0,212,216,0,143,143,0,193,193,0,207,218,0,254,260,0,90,90,0,166,178,0
"13_13",193,193,0,216,224,0,143,143,0,184,196,0,210,224,0,0,0,0,90,98,0,154,178,0
"13_14",193,193,0,212,216,0,143,143,0,184,193,196,213,218,224,254,258,260,90,96,98,160,168,178
"13_16",193,199,0,216,216,0,143,143,0,193,196,0,207,224,0,254,272,0,94,98,0,150,178,0
"13_18",179,179,0,212,216,0,143,143,0,193,196,0,207,224,0,252,254,0,96,98,0,168,178,0
"13_22",0,0,0,212,212,0,143,143,0,196,202,0,201,213,0,242,260,0,94,114,0,146,160,0
"13_24",179,193,0,212,212,0,143,143,0,196,202,0,201,221,0,238,256,0,94,114,0,146,160,0
"15_19",193,223,0,212,212,0,134,140,0,187,193,0,213,227,0,246,248,0,98,102,0,160,166,0
"15_21",193,193,0,204,212,0,0,0,0,184,190,0,207,224,230,256,260,0,88,96,116,158,162,166
"15_24",183,197,233,230,230,0,137,137,0,187,190,0,207,230,0,266,268,270,94,96,0,158,160,166
"15_31",0,0,0,204,212,0,137,137,0,184,187,0,224,230,0,248,260,270,90,96,0,166,166,0
"15_33",193,197,233,212,212,0,137,137,0,187,190,193,207,213,230,248,270,0,88,116,0,158,162,0
"15_34",0,0,0,212,212,0,152,161,0,184,187,190,207,224,0,260,270,0,88,96,116,160,162,0
"15_38",197,197,0,204,234,0,143,143,0,184,190,193,207,213,230,260,268,270,90,98,0,158,160,166
"AB_1",179,193,0,212,218,0,143,143,0,187,190,0,213,213,0,260,266,0,80,94,0,152,154,0
"AB_10",193,193,0,212,212,0,143,143,0,196,202,0,201,213,0,238,258,0,88,112,0,160,164,0
"AB_11",193,193,0,212,212,0,143,143,0,196,196,0,204,210,0,244,260,0,88,88,0,164,166,0
"AB_12",0,0,0,212,212,0,143,149,0,184,196,0,201,201,0,242,256,0,88,98,0,146,152,0
"AB_13",179,193,0,212,212,0,143,143,0,196,196,0,201,213,0,242,260,0,88,98,0,152,168,0
"AB_14",223,223,0,212,224,0,143,143,0,187,193,0,210,224,0,248,248,0,86,86,0,150,150,0
"AB_15",193,195,0,212,212,0,143,143,0,196,196,0,201,213,0,238,260,0,112,114,0,160,160,0
"AB_16",193,213,0,212,212,0,143,149,0,196,196,0,210,213,0,260,260,0,80,100,0,152,160,0
"AB_17",195,223,0,212,212,0,143,143,0,196,196,0,204,213,0,0,0,0,88,110,0,164,186,0
"AB_18",193,193,0,212,212,0,143,143,0,196,202,0,201,204,0,238,256,0,112,114,0,160,160,0
"AB_19",193,193,0,212,212,0,143,143,0,196,202,0,201,204,0,238,256,0,112,114,0,160,164,0
"AB_2",193,195,0,212,212,0,143,149,0,184,184,0,201,221,0,238,256,0,88,98,0,152,168,0
"AB_20",0,0,0,212,212,0,143,143,0,196,196,0,204,204,0,256,264,0,88,88,0,164,166,0
"AB_21",193,195,0,212,212,0,143,149,0,196,196,0,201,221,0,242,256,0,98,114,0,160,168,0
"AB_22",179,193,0,212,212,0,143,143,0,196,196,0,210,213,0,242,260,0,88,94,0,146,160,0
"AB_23",195,223,0,212,218,0,140,143,0,196,196,0,204,210,0,252,256,0,100,112,0,158,160,0
"AB_24",193,223,0,212,212,0,143,149,0,193,193,0,210,210,0,258,260,0,86,102,0,146,160,0
"AB_25",183,193,0,212,212,0,143,143,0,193,196,0,213,224,0,0,0,0,84,88,0,146,150,0
"AB_26",193,193,0,212,212,0,143,143,0,196,196,0,204,210,0,242,256,0,88,114,0,160,164,0
"AB_27",193,223,0,212,212,0,143,143,0,196,199,0,210,213,0,256,260,0,86,102,0,150,160,0
"AB_28",0,0,0,212,212,0,143,143,0,196,202,0,201,204,0,242,256,0,88,88,0,152,160,0
"AB_29",223,223,0,212,224,0,143,143,0,187,196,0,213,224,0,248,260,0,84,98,0,150,150,0
"AB_3",185,193,0,212,228,0,140,143,0,196,196,0,213,213,0,248,254,0,94,96,0,164,164,0
"AB_30",193,193,0,212,212,0,143,143,0,196,202,0,201,213,0,242,256,0,88,114,0,160,164,0
"AB_31",183,189,0,212,212,0,143,143,0,190,193,0,210,213,0,248,256,0,86,118,0,146,150,0
"AB_32",223,223,0,218,224,0,143,143,0,196,196,0,213,224,0,250,260,0,84,98,0,146,146,0
"AB_33",193,195,0,212,212,0,143,143,0,196,196,0,204,210,0,238,260,0,88,114,0,152,164,0
"AB_34",179,193,0,212,212,0,143,149,0,184,196,0,201,221,0,238,256,0,94,114,0,146,160,0
"AB_35",193,195,0,212,212,0,143,143,0,196,196,0,204,210,0,242,256,0,88,112,0,152,164,0
"AB_36",0,0,0,212,212,0,143,143,0,196,196,0,210,213,0,242,256,0,112,114,0,158,160,0
"AB_37",177,193,0,212,212,0,140,143,0,0,0,0,204,213,0,256,260,0,88,108,0,160,164,0
"AB_38",193,195,0,212,212,0,143,143,0,196,196,0,204,213,0,256,260,0,84,112,0,160,164,0
"AB_39",193,195,0,212,212,0,143,143,0,196,196,0,204,213,0,248,260,0,92,112,0,160,176,0
"AB_4",0,0,0,212,212,0,143,143,0,196,202,0,201,204,0,238,260,0,88,88,0,152,164,0
"AB_40",193,195,0,212,218,0,143,143,0,196,199,0,204,213,0,256,256,0,88,106,0,164,164,0
"AB_41",193,193,0,212,212,0,143,143,0,196,196,0,204,210,0,242,256,0,88,88,0,152,164,0
"AB_42",193,223,0,212,212,0,143,143,0,196,202,0,210,213,0,260,264,0,84,112,0,150,160,0
"AB_43",193,195,0,212,212,0,143,143,0,196,196,0,201,221,0,242,256,0,96,98,114,160,168,0
"AB_44",183,223,0,212,224,0,0,0,0,193,196,0,213,224,0,248,260,0,84,122,0,146,150,0
"AB_45",0,0,0,212,212,0,0,0,0,196,196,0,210,213,0,250,262,0,88,88,0,164,170,0
"AB_46",193,223,0,212,212,0,143,143,0,196,202,0,204,204,0,244,260,0,84,88,0,150,164,0
"AB_47",193,195,0,212,212,0,143,143,0,196,202,0,201,221,0,238,260,0,88,98,0,146,152,0
"AB_48",179,193,0,212,212,0,143,143,0,196,202,0,201,221,0,242,242,0,88,96,98,152,168,0
"AB_49",193,195,0,212,212,0,143,143,0,196,202,0,204,210,0,0,0,0,88,112,0,152,160,0
"AB_5",193,193,0,212,212,0,143,143,0,196,202,0,210,213,0,260,264,0,84,112,0,160,166,0
"AB_50",193,193,0,204,218,0,143,143,0,196,196,0,210,213,0,248,260,0,86,96,0,150,150,0
"AB_51",223,223,0,218,224,0,143,143,0,0,0,0,213,233,0,248,248,0,86,122,0,150,150,0
"AB_52",193,195,0,212,212,0,143,143,0,196,202,0,201,221,0,242,260,0,98,98,0,152,168,0
"AB_53",195,223,0,212,212,0,143,143,0,196,196,0,210,213,0,240,256,0,88,100,0,150,160,0
"AB_54",223,223,0,212,212,0,143,143,0,187,196,0,213,224,0,248,250,0,84,84,0,146,150,0
"AB_55",0,0,0,212,212,0,143,143,0,0,0,0,210,213,0,256,260,0,88,88,0,156,164,0
"AB_56",193,195,0,212,212,0,143,143,0,196,196,0,201,213,0,238,260,0,88,112,0,152,160,0
"AB_57",193,193,0,212,212,0,143,143,0,196,202,0,201,204,0,242,256,0,88,112,0,152,160,0
"AB_58",193,227,0,212,212,0,143,143,0,196,196,0,201,213,0,238,256,0,112,114,0,160,160,0
"AB_59",187,193,0,212,212,0,143,143,0,196,202,0,204,238,0,242,254,0,84,86,102,162,164,0
"AB_6",193,223,0,212,212,0,143,143,0,196,196,0,213,213,0,242,256,0,84,112,0,164,164,0
"AB_60",195,195,0,212,230,0,143,143,0,184,202,0,213,221,0,248,260,0,96,98,0,0,0,0
"AB_61",183,223,0,212,218,0,143,143,0,193,196,0,210,224,0,250,260,0,86,98,0,146,150,0
"AB_62",193,195,0,212,212,0,143,149,0,196,196,0,201,221,0,242,260,0,98,114,0,160,168,0
"AB_63",183,223,0,212,224,0,143,143,0,187,196,0,213,224,0,248,260,0,86,86,0,146,150,0
"AB_64",193,195,0,212,212,0,143,143,0,196,202,0,201,213,0,242,256,0,88,88,0,152,166,0
"AB_65",193,193,0,212,230,0,143,143,0,187,196,0,213,221,0,248,260,0,94,116,0,160,164,0
"AB_66",193,195,0,212,228,0,140,143,0,184,196,0,213,213,0,260,260,0,94,96,0,146,152,0
"AB_67",193,193,0,212,230,0,137,143,0,196,196,0,213,215,0,248,248,0,94,94,0,164,180,0
"AB_68",193,223,0,228,230,0,143,149,0,196,196,0,210,213,0,256,260,0,80,114,0,152,160,0
"AB_69",193,195,0,212,212,0,143,143,0,196,196,0,204,204,0,242,256,0,84,88,0,158,164,0
"AB_7",181,183,0,212,218,0,143,143,0,193,196,0,213,213,0,258,260,0,84,120,0,146,152,0
"AB_70",193,193,0,212,230,0,143,143,0,187,202,0,201,213,0,242,260,0,80,114,0,152,160,0
"AB_71",193,193,0,212,212,0,143,143,0,196,202,0,204,210,0,238,242,260,88,112,114,152,152,0
"AB_72",0,0,0,212,212,0,143,143,0,196,196,0,210,213,0,238,260,0,88,88,0,160,164,0
"AB_73",193,195,0,212,212,0,143,149,0,184,196,0,201,221,0,242,256,0,98,114,0,160,168,0
"AB_74",193,193,0,212,212,0,143,143,0,196,196,0,204,204,0,260,260,0,84,88,0,162,164,0
"AB_75",187,193,0,212,212,0,143,143,0,196,202,0,210,213,0,246,254,0,94,110,0,146,162,0
"AB_76",179,193,0,212,212,0,143,143,0,196,196,0,201,213,0,238,260,0,98,114,0,160,168,0
"AB_77",213,223,0,212,218,0,140,143,0,187,193,0,213,215,0,260,260,0,84,98,0,146,156,0
"AB_78",193,195,0,212,212,0,143,143,0,0,0,0,204,210,0,238,260,0,110,112,114,160,160,0
"AB_79",193,193,0,212,212,0,143,143,0,196,196,0,201,204,0,242,260,0,88,112,0,152,164,0
"AB_8",193,213,0,212,230,0,140,143,0,187,187,0,210,213,0,248,260,0,80,96,0,0,0,0
"AB_80",179,193,0,212,224,0,143,143,0,187,196,0,213,215,0,248,268,0,94,106,0,162,164,0
"AB_81",195,223,0,212,212,0,143,149,0,184,199,0,213,221,0,256,256,0,90,98,0,146,156,0
"AB_82",193,193,0,212,212,0,143,143,0,196,196,0,204,221,0,248,260,0,92,112,0,160,176,0
"AB_83",195,223,0,212,212,0,143,143,0,196,196,0,210,213,0,256,260,0,100,112,0,150,160,0
"AB_84",179,189,0,212,218,0,143,143,0,184,199,0,213,221,0,256,260,0,98,106,0,146,164,0
"AB_85",193,195,0,212,212,0,143,149,0,184,196,0,204,221,0,244,244,0,84,98,0,150,168,0
"AB_9",183,193,0,204,212,0,143,143,0,196,196,0,210,213,0,256,256,0,108,112,0,158,160,0
"AZ0701",179,183,193,218,218,0,140,140,0,193,196,0,0,0,0,0,0,0,98,102,0,160,166,0
"BMR_0141",183,193,0,212,212,0,143,143,0,184,196,0,210,221,0,250,256,0,0,0,0,166,166,0
"BMR_0192",183,193,0,212,216,0,137,143,0,196,196,0,210,221,0,256,268,0,90,108,0,150,150,0
"BMR_0194",183,193,0,224,224,0,137,143,0,196,196,0,210,221,230,256,268,0,90,108,0,150,150,0
"BMR_1339",183,197,223,212,216,0,140,143,0,187,193,0,207,213,0,240,254,0,90,96,0,160,166,0
"GTC_1320",197,223,0,218,218,0,134,143,0,193,199,0,221,221,0,248,248,0,94,98,0,150,160,0
"GTC_1323",185,244,0,212,218,0,137,137,0,193,202,0,213,221,0,248,256,0,98,100,0,152,166,0
"GTC_1329",179,213,0,216,216,0,134,143,0,184,196,0,213,213,0,256,260,0,98,116,0,144,158,0
"GTC_1336",183,201,0,212,216,0,143,143,0,184,196,0,213,218,0,244,248,0,86,108,0,166,172,0
"IMC_0147",183,193,0,218,218,0,143,143,0,184,190,0,204,207,0,234,254,0,0,0,0,158,166,0
"IMC_13",183,193,0,212,212,0,0,0,0,187,190,0,204,213,221,248,254,268,88,90,0,156,166,0
"LGC_0142",193,193,0,216,216,0,143,143,0,184,196,0,192,221,0,254,260,0,98,98,0,150,160,0
"LGC_0255",193,193,0,212,212,0,143,143,0,184,190,0,230,230,0,248,256,0,110,112,114,150,168,0
"LGC_0256",193,193,0,212,216,0,143,143,0,184,190,0,230,230,0,248,256,0,90,98,0,150,168,0
"LGC_0257",193,193,0,212,212,0,143,143,0,184,190,0,230,230,0,248,256,0,112,114,0,150,168,0
"MCR_0145",179,179,0,218,218,0,155,155,0,196,199,0,204,230,0,248,260,0,86,88,0,166,172,0
"MCR_0146",193,193,0,216,216,0,143,143,0,184,196,0,213,224,0,248,260,0,98,98,0,160,172,0
"NASAT026",189,223,0,224,230,0,0,0,0,196,199,0,204,210,0,0,0,0,100,112,0,0,0,0
"NM_1",179,193,0,216,216,0,0,0,0,0,0,0,218,230,0,0,0,0,90,94,0,150,178,0
"NM_10",193,199,0,216,216,0,143,143,0,184,193,0,218,230,0,260,272,0,96,98,0,160,178,0
"NM_11",0,0,0,216,216,0,143,143,0,184,196,0,207,218,0,252,254,0,90,94,0,150,166,178
"NM_12",193,197,0,212,216,0,143,143,0,193,193,0,218,218,0,254,260,0,90,90,0,178,178,0
"NM_13",179,193,0,216,216,0,143,143,0,196,199,0,207,218,0,252,260,0,90,96,0,150,178,0
"NM_14",0,0,0,216,224,0,143,143,0,193,193,0,213,224,0,254,260,0,94,98,0,178,186,0
"NM_15",193,199,0,216,216,0,143,143,0,193,196,0,224,230,0,260,272,0,94,96,98,0,0,0
"NM_16",193,199,0,216,216,0,143,143,0,184,193,0,207,224,0,252,260,0,90,96,0,150,178,0
"NM_17",193,199,0,216,216,0,143,143,0,193,196,0,224,230,0,252,254,0,90,96,0,160,178,0
"NM_18",193,197,0,212,216,0,143,143,0,193,193,0,207,218,0,260,260,0,90,90,0,178,178,0
"NM_19",193,199,0,216,216,0,143,143,0,184,193,0,218,230,0,260,272,0,90,96,0,160,178,0
"NM_2",179,193,0,216,216,0,143,143,0,196,196,0,207,218,0,254,272,0,90,94,0,150,178,0
"NM_20",193,199,0,216,216,0,143,143,0,196,196,0,207,224,0,252,254,0,94,96,98,160,160,0
"NM_21",179,179,0,212,216,0,143,143,0,196,196,0,213,224,0,242,260,0,90,94,0,178,186,0
"NM_22",0,0,0,216,216,0,143,143,0,190,196,0,207,224,0,248,254,0,96,98,0,158,178,0
"NM_23",179,199,0,216,216,0,143,143,0,196,196,0,207,224,0,252,254,0,94,98,0,150,178,0
"NM_24",0,0,0,216,216,0,143,143,0,193,196,0,218,230,0,260,272,0,90,94,0,150,178,0
"NM_25",193,197,0,212,216,0,143,143,0,193,196,0,218,224,0,260,260,0,90,98,0,0,0,0
"NM_26",179,193,0,216,216,0,143,143,0,193,199,0,204,213,0,240,252,0,98,98,0,160,170,0
"NM_27",193,199,0,216,216,0,143,143,0,193,196,0,218,230,0,254,272,0,94,98,0,150,166,178
"NM_28",0,0,0,212,216,0,143,143,0,193,196,0,213,218,0,242,254,0,94,98,0,178,186,0
"NM_29",179,199,0,216,216,0,143,143,0,184,196,0,218,230,0,254,272,0,94,96,98,150,178,0
"NM_3",0,0,0,212,212,0,143,143,0,196,196,0,204,204,0,256,260,0,84,84,0,160,160,0
"NM_30",179,195,0,216,216,0,143,143,0,193,193,0,213,218,0,254,264,0,96,98,0,178,186,0
"NM_31",0,0,0,216,216,0,143,143,0,193,196,0,224,230,0,260,272,0,90,96,0,160,178,0
"NM_32",193,193,0,216,216,0,143,143,0,184,193,0,207,218,0,260,272,0,90,94,0,150,178,0
"NM_33",179,193,0,216,216,0,143,143,0,196,196,0,224,230,0,254,272,0,90,96,0,160,178,0
"NM_4",0,0,0,216,230,0,143,143,0,196,196,0,210,224,0,252,254,0,88,98,0,158,178,0
"NM_5",0,0,0,212,216,0,143,143,0,193,199,0,207,224,0,252,268,0,96,98,0,160,170,0
"NM_6",0,0,0,216,216,0,143,143,0,193,193,0,218,224,0,254,260,0,90,90,0,168,178,0
"NM_7",179,197,0,216,216,0,143,143,0,190,196,0,207,224,0,260,260,0,96,98,0,0,0,0
"NM_8",179,193,0,212,216,0,143,143,0,193,196,0,213,218,0,254,260,0,90,116,0,162,178,0
"NM_9",179,193,0,216,224,0,143,143,0,184,196,0,210,218,0,260,260,0,96,98,0,158,178,0
"PL1",183,193,0,0,0,0,0,0,0,181,187,0,204,221,0,0,0,0,0,0,0,150,166,0
"PL7",183,193,223,218,228,0,0,0,0,181,184,0,204,207,0,0,0,0,0,0,0,168,182,0
"SBR_1360",177,183,0,216,224,0,143,146,0,187,196,0,201,207,0,252,252,0,90,98,0,158,162,0
"SBR_1363",183,193,0,212,218,0,143,149,0,193,199,0,201,224,0,242,260,0,90,112,0,156,158,0
"SBR_1371",193,193,0,218,218,0,140,143,0,184,193,0,213,230,0,248,266,0,90,96,0,160,166,0
"SBR_1372",183,197,0,216,216,0,143,143,0,193,193,0,207,221,0,240,248,0,90,98,0,160,166,0
"SFR_0243",183,223,0,216,216,0,143,143,0,190,190,0,207,224,0,244,250,254,94,94,0,146,152,0
"SFR_0244",193,223,0,212,216,0,134,140,0,184,193,0,207,213,0,254,254,0,94,96,0,152,158,0
"SFR_0245",183,223,0,216,216,0,143,143,0,0,0,0,195,204,0,0,0,0,90,98,0,158,164,0
"SFR_0247",193,193,0,204,216,218,140,143,0,181,184,190,207,213,0,246,254,0,96,98,100,150,156,160
"TGR_0149",193,197,233,204,204,0,161,161,0,0,0,0,207,230,0,0,0,0,0,0,0,160,166,0
"TGT_0184",193,193,0,212,224,0,134,140,0,187,196,0,207,221,0,244,248,0,98,98,0,150,150,0
"TWC_0112",183,223,0,218,224,0,143,143,0,181,187,196,210,213,0,252,254,0,90,96,0,148,150,158
"TWC_0121",183,183,0,218,224,0,143,143,0,181,187,196,210,213,0,252,254,0,90,96,0,148,150,158
"TWC_0166",183,233,0,212,216,218,143,143,0,181,187,196,210,213,0,252,254,0,88,90,96,148,150,158
"TWC_0168",0,0,0,218,218,0,143,149,0,193,196,0,201,213,0,246,260,0,98,102,0,166,170,0
"USF0629",177,183,0,212,216,0,155,155,0,184,196,0,207,210,0,260,260,0,98,100,0,160,160,0
"UT_1",193,193,0,212,212,0,143,143,0,187,190,0,230,230,0,266,268,270,88,98,0,158,166,0
"UT_10",0,0,0,216,216,0,134,134,0,187,190,0,213,215,0,260,268,0,0,0,0,166,176,0
"UT_11",0,0,0,212,218,0,140,146,0,187,193,0,221,230,0,0,0,0,88,98,0,150,160,0
"UT_12",0,0,0,218,218,0,143,143,0,187,190,0,213,213,0,248,260,0,88,96,0,150,162,0
"UT_13",0,0,0,212,212,0,152,161,0,184,193,0,207,213,0,248,260,0,88,96,116,158,162,166
"UT_14",193,223,0,212,212,0,152,161,0,0,0,0,207,213,0,248,270,0,88,90,98,160,166,0
"UT_15",193,223,0,204,204,0,140,143,0,187,196,0,213,218,0,250,256,0,88,98,0,160,166,0
"UT_16",193,193,0,212,218,0,143,143,0,181,196,0,213,213,0,254,268,0,96,108,0,158,160,0
"UT_17",197,223,0,212,212,0,137,137,0,187,193,0,224,230,0,260,260,0,96,98,116,160,166,0
"UT_18",227,227,0,216,216,0,143,143,0,187,187,0,207,213,0,250,254,0,90,96,0,156,162,0
"UT_19",0,0,0,212,218,0,143,143,0,0,0,0,201,207,0,0,0,0,88,90,0,150,158,0
"UT_2",0,0,0,216,216,0,146,146,0,190,190,0,207,221,0,252,260,270,0,0,0,162,166,0
"UT_20",0,0,0,218,218,0,134,143,0,187,196,0,207,210,0,248,250,0,88,88,0,150,172,0
"UT_21",193,223,0,212,216,0,134,134,0,187,199,0,207,210,0,248,248,0,88,100,0,150,152,0
"UT_22",193,223,0,212,212,0,143,143,0,193,193,0,207,213,0,248,270,0,88,116,0,162,166,0
"UT_23",183,223,0,212,216,0,134,143,0,184,187,0,213,213,0,248,250,0,88,108,0,166,170,0
"UT_24",193,223,0,212,212,0,134,134,0,181,193,0,213,221,0,244,248,0,88,90,0,162,166,0
"UT_25",193,193,0,212,212,0,134,137,0,187,187,0,213,230,0,0,0,0,86,112,0,146,172,0
"UT_26",183,223,0,212,218,0,134,134,0,187,190,0,201,207,0,248,256,270,88,88,0,150,158,0
"UT_27",0,0,0,218,218,0,134,143,0,187,196,0,213,224,0,0,0,0,88,112,0,146,146,0
"UT_28",223,223,0,212,224,0,134,143,0,190,193,0,207,213,0,248,260,0,98,108,0,148,166,0
"UT_29",0,0,0,204,212,0,140,143,0,184,187,0,213,213,0,250,260,0,88,88,0,164,166,0
"UT_3",0,0,0,204,216,0,143,143,0,184,184,0,207,213,0,260,270,0,88,90,98,158,160,166
"UT_30",185,223,0,212,212,0,0,0,0,193,202,0,210,210,0,248,260,0,92,96,0,160,166,0
"UT_31",183,183,0,218,218,0,0,0,0,187,196,0,213,221,0,0,0,0,88,88,0,166,172,0
"UT_32",0,0,0,218,218,0,143,149,0,190,196,0,0,0,0,250,256,0,90,98,0,162,172,0
"UT_33",0,0,0,212,212,0,137,137,0,184,193,0,207,213,0,256,260,270,96,116,0,158,162,0
"UT_34",183,193,0,216,216,0,140,143,0,184,190,0,201,224,0,250,254,0,94,98,0,146,158,0
"UT_35",183,193,0,212,216,0,134,143,0,0,0,0,207,230,0,248,272,0,88,98,0,158,166,0
"UT_36",183,223,0,218,218,0,143,143,0,193,196,0,207,207,0,248,248,0,88,88,0,150,166,0
"UT_37",0,0,0,218,218,0,146,146,0,187,187,0,207,210,0,248,254,0,94,98,0,0,0,0
"UT_38",0,0,0,218,218,0,143,143,0,187,193,0,207,213,0,248,260,0,86,98,0,160,166,0
"UT_39",193,197,0,212,216,0,134,146,0,187,193,0,207,210,0,248,252,0,88,94,0,150,186,0
"UT_4",193,197,0,204,212,0,161,161,0,184,193,0,207,221,0,256,270,0,88,98,108,160,166,170
"UT_40",193,223,0,212,218,0,143,143,0,193,193,0,213,227,0,246,248,0,88,102,0,150,166,0
"UT_41",189,223,0,218,218,0,143,143,0,187,187,0,204,210,0,256,260,0,90,108,0,150,162,0
"UT_42",0,0,0,218,218,0,134,143,0,181,196,0,213,221,0,248,268,0,90,102,0,166,170,0
"UT_43",223,223,0,212,212,0,134,134,0,193,196,0,210,213,0,248,248,0,88,98,0,166,172,0
"UT_44",197,223,0,218,218,0,134,146,0,187,187,0,207,210,0,248,252,0,88,94,0,150,186,0
"UT_45",183,223,0,218,218,0,134,149,0,187,196,0,204,215,0,248,268,0,90,90,0,160,166,0
"UT_46",0,0,0,212,212,0,134,140,0,0,0,0,0,0,0,248,270,0,98,98,0,0,0,0
"UT_47",0,0,0,216,216,0,143,143,0,184,190,193,207,207,0,248,260,270,96,98,0,158,166,0
"UT_48",0,0,0,212,212,0,137,137,0,184,187,0,213,230,0,248,260,0,88,116,0,158,162,0
"UT_49",179,193,0,212,212,0,143,143,0,190,196,0,207,213,0,254,264,0,96,98,0,160,166,0
"UT_5",0,0,0,212,212,0,137,137,0,184,184,0,207,213,0,248,260,270,88,96,116,158,162,166
"UT_50",183,185,0,0,0,0,0,0,0,0,0,0,0,0,0,0,0,0,88,88,0,0,0,0
"UT_51",0,0,0,212,212,0,134,134,0,187,196,0,213,221,0,240,248,0,88,90,0,166,166,0
"UT_52",183,193,0,212,212,0,134,143,0,193,199,0,207,213,0,248,260,0,86,98,0,160,166,0
"UT_53",183,223,0,218,218,0,134,143,0,187,187,0,201,213,0,248,260,0,90,98,0,160,166,0
"UT_54",0,0,0,218,218,0,134,143,0,181,193,0,213,221,0,248,260,0,88,90,0,150,156,0
"UT_55",0,0,0,212,218,0,134,143,0,184,190,0,207,221,0,0,0,0,90,90,0,144,158,166
"UT_56",0,0,0,212,218,0,134,143,0,184,196,0,213,221,0,248,260,0,90,98,0,158,166,0
"UT_57",0,0,0,212,216,0,134,143,0,187,199,0,210,215,0,248,248,0,88,100,0,152,166,0
"UT_58",193,193,0,212,218,0,134,143,0,187,193,0,201,207,0,248,270,0,88,98,0,150,158,0
"UT_59",183,193,0,212,224,0,134,134,0,187,190,0,207,221,0,248,260,0,90,100,0,158,160,0
"UT_6",223,223,0,212,212,0,134,140,0,181,187,0,204,215,0,248,260,0,88,96,0,160,162,0
"UT_60",183,193,0,216,216,0,134,143,0,187,193,0,207,213,0,252,256,0,86,98,0,166,182,0
"UT_61",183,193,0,212,212,0,140,140,0,187,193,0,198,221,0,248,270,0,88,98,0,150,164,0
"UT_62",0,0,0,218,218,0,134,146,0,187,193,0,213,230,0,0,0,0,88,90,0,150,160,0
"UT_63",0,0,0,212,218,0,134,140,0,0,0,0,221,221,0,248,260,0,90,98,0,158,164,0
"UT_64",193,223,0,212,218,0,143,146,0,187,190,0,207,210,0,244,248,0,96,98,0,156,166,0
"UT_65",193,197,0,212,212,0,143,143,0,190,193,0,207,221,0,0,0,0,96,98,108,158,160,170
"UT_66",183,223,0,212,218,0,143,143,0,0,0,0,213,213,0,0,0,0,94,98,0,150,160,0
"UT_67",193,193,0,212,224,0,134,146,0,181,193,0,207,210,0,248,256,0,98,98,0,166,172,0
"UT_68",183,223,0,212,212,0,134,143,0,187,193,0,207,213,0,248,268,0,86,88,0,150,160,0
"UT_69",179,223,0,212,218,0,134,143,0,193,199,0,213,213,0,248,260,0,94,98,0,160,166,0
"UT_7",193,197,0,204,204,0,137,137,0,184,196,0,207,210,0,0,0,0,96,98,0,160,166,0
"UT_70",0,0,0,204,204,0,143,143,0,196,196,0,213,218,0,250,260,0,88,98,0,160,166,0
"UT_71",0,0,0,212,212,0,137,137,0,184,187,190,224,230,0,248,256,270,88,98,116,0,0,0
"UT_72",0,0,0,212,212,0,134,140,0,187,196,0,201,213,215,242,248,250,90,98,0,160,166,0
"UT_73",0,0,0,218,218,0,143,143,0,0,0,0,213,213,0,248,260,0,94,98,0,160,166,0
"UT_74",0,0,0,212,212,0,143,143,0,0,0,0,204,213,0,254,256,0,0,0,0,158,174,0
"UT_8",193,233,0,204,216,0,161,161,0,0,0,0,207,221,0,0,0,0,90,96,0,150,158,0
"UT_9",193,197,223,212,212,0,137,137,0,184,187,193,207,224,230,260,270,0,96,98,116,158,160,162
"WCR_1341",193,195,197,212,216,218,134,143,0,0,0,0,210,213,246,0,0,0,90,96,98,160,166,168
"WCR_1342",0,0,0,212,216,0,143,143,0,184,199,0,201,230,0,256,258,260,84,90,0,158,168,0
"WNC_01",193,207,0,218,230,0,128,143,0,187,196,0,204,204,0,254,254,0,94,102,0,148,160,0
"WNC_14",193,207,0,212,218,0,149,152,0,193,196,0,210,213,0,0,0,0,88,100,0,148,162,0
"WNC_17",183,193,223,212,212,0,143,143,0,196,199,0,213,243,0,252,256,0,0,0,0,152,172,0
